CTPRVN_NM,SIGNGU_NM,ADSTRD_NM,2024_FCLTY_NM,2024_DATA_CO,2023_DATA_CO,2024_TOT_PROGRM_CO,2023_TOT_PROGRM_CO,2024_VIEWNG_PRICE,2023_VIEWNG_PRICE,2024_ARTGR_EMP_CO,2023_ARTGR_EMP_CO,2024_BULD_AR_VALUE,2023_BULD_AR_VALUE,2024_DSPY_AR_CN,2023_DSPY_AR_CN,FLAG_NM,2024_food_count_by_dong,2024_VIEWNG_NMPR_CO,2023_VIEWNG_NMPR_CO,viewer_decline,DATA_CO_GROWTH_RATE,VIEWNG_PRICE_GROWTH_RATE,TOT_PROGRM_CO_GROWTH_RATE,ARTGR_EMP_CO_GROWTH_RATE,DSPY_AR_CN_GROWTH_RATE
경기,과천시,문원동,국립현대미술관(과천관),67242,343.3636363636364,18.0,25.0,3000,3000.0,2,2.172661870503597,37796.8,37796.8,13788.2,13788.2,국립,51,726065,653842,0,194.8332009531374,0.0,-0.28,-0.07947019867549661,0.0
서울,종로구,삼청동,국립현대미술관(서울관),41891,343.3636363636364,29.0,19.0,7000,7000.0,2,2.172661870503597,52125.19,52125.19,10070.0,10070.0,국립,214,2021771,1806641,0,121.0018533227429,0.0,0.5263157894736842,-0.07947019867549661,0.0
서울,중구,소공동,국립현대미술관(덕수궁관),2588,408.73333333333335,1.0,1.0,0,0.0,2,2.172661870503597,2247.0,2247.0,1152.0,1152.0,국립,664,212455,174246,0,5.331756646550318,0.0,0.0,-0.07947019867549661,0.0
충북,청주시,내덕2동,국립현대미술관 미술품수장센터(청주관),4120,343.3636363636364,16.0,13.0,2000,2000.0,2,2.172661870503597,19865.0,19865.0,3669.0,3669.0,국립,422,249556,193023,0,10.998940958432618,0.0,0.23076923076923078,-0.07947019867549661,0.0
서울,중구,광희동,DDP디자인뮤지엄,10613,343.3636363636364,1.0,2.0,2750,6738.888888888889,2,2.172661870503597,82464.0,82464.0,1557.0,1557.0,공립,576,30396,54050,1,29.90892242520519,-0.5919208573784006,-0.5,-0.07947019867549661,0.0
서울,강서구,가양1동,겸재정선미술관,3251,343.3636363636364,11.0,7.0,1000,1000.0,2,2.172661870503597,3305.29,3305.29,606.0,606.0,공립,1285,42478,35085,0,8.46809637278263,0.0,0.5714285714285714,-0.07947019867549661,0.0
서울,중구,소공동,서울시립미술관,44734,343.3636363636364,158.0,111.0,2750,6738.888888888889,2,2.172661870503597,13433.0,13433.0,3256.0,3256.0,공립,664,2096952,2625138,1,129.28170505692347,-0.5919208573784006,0.42342342342342343,-0.07947019867549661,0.0
서울,성북구,성북동,성북구립미술관,4535,426.1218181818182,5.0,7.0,2750,6738.888888888889,2,2.172661870503597,696.06,696.06,222.0,221.6,공립,227,12986,27956,1,9.642496597217184,-0.5919208573784006,-0.2857142857142857,-0.07947019867549661,0.0018050541516245744
서울,종로구,청운효자동,종로구립 박노수미술관,3011,329.125,5.0,5.0,2750,6738.888888888889,2,2.172661870503597,351.0,351.0,191.0,191.0,공립,266,25855,30550,1,8.148499810102544,-0.5919208573784006,0.0,-0.07947019867549661,0.0
서울,영등포구,여의동,63아트,2588,408.73333333333335,0.0,0.0,15000,15000.0,1,1.0,2112.0,2112.0,2122.0,2122.0,사립,1818,25855,61700,1,5.331756646550318,0.0,0.0,0.0,0.0
서울,종로구,혜화동,JCC아트센터,3011,329.125,0.0,0.0,7465,8155.8441558441555,2,2.172661870503597,121.0,121.0,121.0,121.0,사립,549,122927,92850,0,8.148499810102544,-0.08470541401273882,0.0,-0.07947019867549661,0.0
서울,강남구,압구정동,K현대미술관,10613,343.3636363636364,0.0,5.0,7465,8155.8441558441555,2,2.0,4968.0,4968.0,3734.0,3734.0,사립,986,220000,124000,0,29.90892242520519,-0.08470541401273882,-1.0,0.0,0.0
서울,종로구,종로1.2.3.4가동,OCI미술관,2750,408.73333333333335,5.0,9.0,7465,8155.8441558441555,6,6.0,1925.9,1925.9,785.6,785.6,사립,2108,6081,4134,0,5.728103082694503,-0.08470541401273882,-0.4444444444444444,0.0,0.0
서울,종로구,삼청동,금호미술관,2588,408.73333333333335,1.0,0.0,7465,8155.8441558441555,3,2.0,2311.0,2311.0,727.0,727.0,사립,214,25000,25000,0,5.331756646550318,-0.08470541401273882,0.0,0.5,0.0
서울,용산구,효창동,김세중미술관,900,426.1218181818182,20.0,19.0,7465,8155.8441558441555,1,2.0,584.0,565.0,362.0,362.0,사립,44,3593,3335,0,1.1120720920607423,-0.08470541401273882,0.05263157894736842,-0.5,0.0
서울,종로구,사직동,대림미술관,2588,408.73333333333335,4.0,0.0,7465,8155.8441558441555,7,16.0,1210.93,1211.0,828.94,763.0,사립,874,65317,59106,0,5.331756646550318,-0.08470541401273882,0.0,-0.5625,0.08642201834862392
서울,성동구,성수1가1동,디뮤지엄(대림미술관 분관),10613,343.3636363636364,8.0,17.0,7465,18000.0,3,4.0,3465.0,3465.0,2839.376,2839.376,사립,250,40923,114878,1,29.90892242520519,-0.5852777777777778,-0.5294117647058824,-0.25,0.0
서울,송파구,잠실6동,롯데뮤지엄,10613,343.3636363636364,4.0,4.0,19000,19000.0,6,6.0,805872.0,805872.0,1129.6,1129.6,사립,390,120000,120000,0,29.90892242520519,0.0,0.0,0.0,0.0
서울,용산구,한남동,리움미술관,10613,343.3636363636364,12.0,12.0,7465,8155.8441558441555,41,19.0,15016.0,15016.0,3284.0,3284.0,사립,633,523635,268261,0,29.90892242520519,-0.08470541401273882,0.0,1.1578947368421053,0.0
서울,강남구,일원본동,밀알미술관,300,300.0,0.0,0.0,7465,8155.8441558441555,2,2.0,360.0,360.0,300.0,300.0,사립,45,16875,11197,0,0.0,-0.08470541401273882,0.0,0.0,0.0
서울,은평구,진관동,사비나미술관,8000,408.73333333333335,14.0,14.0,15000,15000.0,8,8.0,1740.0,1740.0,1327.0,1327.0,사립,372,8534,8534,0,18.5726635132931,0.0,0.0,0.0,0.0
서울,종로구,평창동,상원미술관,14500,329.125,6.0,7.0,3000,2000.0,3,3.0,343.0,343.0,219.0,219.0,사립,121,3049,3168,1,43.056209646790734,0.5,-0.14285714285714285,0.0,0.0
서울,서초구,서초3동,서울서예박물관,1000,343.3636363636364,0.0,0.0,7465,8155.8441558441555,2,3.0,8917.0,8917.0,1423.0,1423.0,사립,958,223105,71360,0,1.9123643102991792,-0.08470541401273882,0.0,-0.3333333333333333,0.0
서울,종로구,사직동,성곡미술관,2588,343.3636363636364,7.0,0.0,7465,8155.8441558441555,6,2.172661870503597,1530.15,5976.0,1108.62,1454.0,사립,874,28048,25000,0,6.537198835054276,-0.08470541401273882,0.0,1.7615894039735103,-0.23753782668500695
서울,종로구,사직동,세종문화회관 미술관,35000,343.3636363636364,0.0,0.0,7465,8155.8441558441555,3,3.0,64058.0,64058.0,5478.0,5478.0,사립,874,84386,692584,1,100.93275086047126,-0.08470541401273882,0.0,0.0,0.0
서울,종로구,사직동,세화미술관,500,500.0,9.0,12.0,7465,8155.8441558441555,5,2.172661870503597,2133.0,2133.0,1124.8,1124.8,사립,874,15000,15000,0,0.0,-0.08470541401273882,-0.25,1.3013245033112584,0.0
서울,송파구,오륜동,소마미술관,5198,343.3636363636364,13.0,13.0,5000,3000.0,6,5.0,13217.0,13217.0,2412.0,2412.0,사립,62,126122,73052,0,14.138469684935135,0.6666666666666666,0.0,0.2,0.0
서울,종로구,가회동,아라리오뮤지엄 인 스페이스,824,824.0,1.0,0.0,15000,15000.0,3,3.0,1061.14,1061.14,919.0,919.0,사립,210,19812,15521,0,0.0,0.0,0.0,0.0,0.0
서울,종로구,이화동,아르코미술관,11700,343.3636363636364,23.0,40.0,7465,8155.8441558441555,4,2.172661870503597,2998.56,2998.5,715.5,715.5,사립,290,39234,32957,0,33.074662430500396,-0.08470541401273882,-0.425,0.8410596026490068,0.0
서울,용산구,한강로동,아모레퍼시픽미술관,10000,343.3636363636364,1.0,0.0,7465,8155.8441558441555,12,12.0,6962.0,6962.0,3122.0,3122.0,사립,970,90000,100000,1,28.123643102991792,-0.08470541401273882,0.0,0.0,0.0
서울,종로구,삼청동,아트선재센터,2588,408.73333333333335,19.0,18.0,7465,10000.0,8,2.172661870503597,1472.0,1472.0,1276.0,1276.0,사립,214,46132,50292,1,5.331756646550318,-0.2535,0.05555555555555555,2.6821192052980134,0.0
서울,종로구,종로1.2.3.4가동,아트센터나비미술관,6012,426.1218181818182,35.0,41.0,7465,8155.8441558441555,5,8.0,1059.0,1059.0,432.0,432.0,사립,2108,42000,41715,0,13.108641574965757,-0.08470541401273882,-0.14634146341463414,-0.375,0.0
서울,서초구,양재1동,유리지공예관,1500,426.1218181818182,5.0,5.0,7465,8155.8441558441555,1,1.0,618.05,618.05,254.0,254.0,사립,546,1870,1870,0,2.5201201534345707,-0.08470541401273882,0.0,0.0,0.0
서울,종로구,종로1.2.3.4가동,일민미술관,401,401.0,8.0,31.0,7465,7000.0,8,8.0,2363.54,2363.5,958.47,958.4,사립,2108,26275,27481,1,0.0,0.06642857142857143,-0.7419354838709677,0.0,7.303839732893366e-05
서울,종로구,부암동,자하미술관,10000,365.0,10.0,10.0,7465,8155.8441558441555,4,2.172661870503597,1494.8055263157894,3172.388947368421,712.0,712.0,사립,112,10500,10500,0,26.397260273972602,-0.08470541401273882,0.0,0.8410596026490068,0.0
서울,서초구,서초3동,(재)한원미술관,3011,329.125,0.0,0.0,7465,8155.8441558441555,3,3.0,479.78,479.78,361.0,361.0,사립,958,4450,4450,0,8.148499810102544,-0.08470541401273882,0.0,0.0,0.0
서울,강남구,압구정동,코리아나미술관,4000,408.73333333333335,14.0,9.0,7465,8155.8441558441555,5,5.0,1194.56,1194.56,641.0,641.0,사립,986,5223,3069,0,8.786331756646549,-0.08470541401273882,0.5555555555555556,0.0,0.0
서울,종로구,평창동,토탈미술관,4535,426.1218181818182,9.0,0.0,7465,8155.8441558441555,1,1.0,661.0,661.0,561.0,561.0,사립,121,3564,7534,1,9.642496597217184,-0.08470541401273882,0.0,0.0,0.0
서울,강남구,대치4동,포스코미술관,4535,426.1218181818182,4.0,0.0,7465,8155.8441558441555,1,2.0,691.0,691.0,691.0,691.0,사립,662,12000,12000,0,9.642496597217184,-0.08470541401273882,0.0,-0.5,0.0
서울,서초구,서초3동,한가람디자인미술관,10613,343.3636363636364,0.0,0.0,7465,8155.8441558441555,2,2.0,11853.0,11853.0,1394.0,1394.0,사립,958,289504,141814,0,29.90892242520519,-0.08470541401273882,0.0,0.0,0.0
서울,서초구,서초3동,한가람미술관,10613,343.3636363636364,0.0,0.0,7465,8155.8441558441555,3,3.0,15743.0,15743.0,3805.0,3805.0,사립,958,465589,477456,1,29.90892242520519,-0.08470541401273882,0.0,0.0,0.0
서울,성동구,성수2가3동,헬로우뮤지움,3011,329.125,28.0,145.0,7465,8155.8441558441555,6,6.0,493.0,493.0,234.0,156.0,사립,646,9381,3736,0,8.148499810102544,-0.08470541401273882,-0.8068965517241379,0.0,0.5
서울,종로구,부암동,환기미술관,2000,408.73333333333335,25.0,30.0,7465,8155.8441558441555,6,2.172661870503597,1840.0,1840.0,1197.0,1197.0,사립,112,89422,84871,0,3.8931658783232748,-0.08470541401273882,-0.16666666666666666,1.7615894039735103,0.0
서울,노원구,공릉2동,서울과학기술대학교 미술관,3011,329.125,1.0,1.0,0,0.0,2,2.172661870503597,140.0,140.0,104.0,104.0,대학,368,4000,3000,0,8.148499810102544,0.0,0.0,-0.07947019867549661,0.0
서울,관악구,대학동,서울대학교미술관,2588,408.73333333333335,10.0,8.0,0,0.0,2,2.172661870503597,1363.0,1363.0,1112.0,1204.0,대학,393,36694,23617,0,5.331756646550318,0.0,0.25,-0.07947019867549661,-0.07641196013289037
서울,용산구,청파동,숙명여자대학교문신미술관,4535,426.1218181818182,0.0,0.0,0,0.0,1,1.0,888.0,888.0,506.0,506.0,대학,396,7760,3240,0,9.642496597217184,0.0,0.0,0.0,0.0
부산,해운대구,우2동,부산광역시립미술관,17416,343.3636363636364,16.0,0.0,2750,6738.888888888889,2,2.172661870503597,22826.0,22826.0,7565.0,7565.0,공립,383,576437,576437,0,49.721736828170506,-0.5919208573784006,0.0,-0.07947019867549661,0.0
부산,사하구,하단2동,부산현대미술관,21269,343.3636363636364,12.0,10.0,2750,6738.888888888889,2,2.172661870503597,15312.0,15311.81,5910.7,5910.7,공립,692,278258,256375,0,60.94307651575324,-0.5919208573784006,0.2,-0.07947019867549661,0.0
부산,금정구,장전2동,디오티미술관,3011,329.125,9.0,12.0,7465,3000.0,1,6.0,305.0,305.0,138.0,138.0,사립,679,8560,5819,0,8.148499810102544,1.4883333333333333,-0.25,-0.8333333333333334,0.0
부산,해운대구,우2동,고은사진미술관,5347,408.73333333333335,7.0,7.0,7465,8155.8441558441555,6,6.0,1728.0,1728.0,332.0,332.0,사립,383,10381,15530,1,12.081878975697276,-0.08470541401273882,0.0,0.0,0.0
부산,금정구,금성동,킴스아트필드미술관,400,400.0,4.0,4.0,7465,8155.8441558441555,3,3.0,1019.0,1019.0,962.0,962.0,사립,94,656,656,0,0.0,-0.08470541401273882,0.0,0.0,0.0
부산,부산진구,부전2동,KT&G 상상마당 부산미술관,4535,426.1218181818182,4.0,6.0,15000,15000.0,4,4.0,858.0,858.0,824.0,616.0,사립,1225,141138,84452,0,9.642496597217184,0.0,-0.3333333333333333,0.0,0.33766233766233766
부산,남구,대연3동,경성대학교미술관,2588,408.73333333333335,0.0,0.0,0,0.0,1,1.0,2239.0,2239.0,1306.0,1306.0,대학,802,5200,5200,0,5.331756646550318,0.0,0.0,0.0,0.0
부산,서구,부민동,동아대학교 석당미술관,2588,426.1218181818182,0.0,0.0,0,0.0,2,3.0,1089.0,1089.0,555.0,555.0,대학,145,3410,5014,1,5.073380638059112,0.0,0.0,-0.3333333333333333,0.0
대구,달서구,성당동,대구문화예술회관 미술관,6910,343.3636363636364,0.0,0.0,2750,6738.888888888889,2,2.172661870503597,13636.0,13636.0,3930.0,3930.0,공립,322,222798,124995,0,19.12443738416733,-0.5919208573784006,0.0,-0.07947019867549661,0.0
대구,수성구,고산2동,대구미술관,12573,343.3636363636364,21.0,16.0,1000,1000.0,2,2.172661870503597,16970.0,16970.0,4202.0,4202.0,공립,289,280217,220088,0,35.61715647339158,0.0,0.3125,-0.07947019867549661,0.0
대구,북구,산격3동,경북대학교미술관,2001,426.1218181818182,4.0,4.0,0,0.0,2,2.172661870503597,803.0,803.0,525.0,525.0,대학,426,9814,41458,1,3.6958402846817173,0.0,0.0,-0.07947019867549661,0.0
대구,남구,대명3동,계명대학교 극재미술관,10613,408.73333333333335,2.0,2.0,0,0.0,1,1.0,78076.0,2373.0,1401.6,1350.3,대학,313,13300,10779,0,24.96558473332246,0.0,0.0,0.0,0.03799155743168182
인천,미추홀구,학익1동,송암미술관,1981,343.3636363636364,5.0,5.0,2750,6738.888888888889,2,2.172661870503597,3685.0,3685.0,2069.4,2069.0,공립,237,16318,9962,0,4.7693936987026735,-0.5919208573784006,0.0,-0.07947019867549661,0.00019333011116485788
인천,중구,신포동,인천아트플랫폼,9122,343.3636363636364,9.0,11.0,2750,6738.888888888889,2,2.172661870503597,5593.0,5593.0,460.0,460.0,공립,426,14718,20530,1,25.566587238549115,-0.5919208573784006,-0.18181818181818182,-0.07947019867549661,0.0
인천,강화군,선원면,더리미미술관,300,300.0,0.0,6.0,2000,2000.0,1,2.0,380.0,380.0,280.0,280.0,사립,108,2056,1590,0,0.0,0.0,-1.0,-0.5,0.0
인천,강화군,길상면,해든뮤지움,2588,408.73333333333335,26.0,31.0,13000,13000.0,3,2.0,1986.0,1986.0,1066.0,1066.0,사립,297,12483,12000,0,5.331756646550318,0.0,-0.16129032258064516,0.5,0.0
광주,북구,운암2동,광주시립미술관,11597,343.3636363636364,7.0,7.0,2750,6738.888888888889,2,2.172661870503597,13330.0,13330.0,2921.0,2921.0,공립,314,176020,130000,0,32.77468890653958,-0.5919208573784006,0.0,-0.07947019867549661,0.0
광주,북구,문화동,시화문화마을금봉미술관,4535,426.1218181818182,12.0,10.0,2750,6738.888888888889,2,2.172661870503597,982.94,982.94,391.0,391.4,공립,110,12654,12346,0,9.642496597217184,-0.5919208573784006,0.2,-0.07947019867549661,-0.0010219724067449599
광주,남구,양림동,양림미술관,3011,329.125,0.0,0.0,2750,6738.888888888889,2,2.172661870503597,318.0,318.0,318.0,318.0,공립,167,3000,17903,1,8.148499810102544,-0.5919208573784006,0.0,-0.07947019867549661,0.0
광주,남구,양림동,이강하미술관,3011,329.125,3.0,4.0,2750,6738.888888888889,2,2.172661870503597,231.9,231.9,199.8,199.8,공립,167,18000,23461,1,8.148499810102544,-0.5919208573784006,-0.25,-0.07947019867549661,0.0
광주,동구,지원1동,국윤미술관,200,500.0,5.0,4.0,7465,8155.8441558441555,1,2.172661870503597,576.0,569.0,124.0,242.0,사립,74,1792,2000,1,-0.6,-0.08470541401273882,0.25,-0.5397350993377483,-0.48760330578512395
광주,동구,학운동,드영미술관,2588,408.73333333333335,18.0,18.0,7465,8155.8441558441555,5,5.0,1222.3,1222.3,376.0,376.0,사립,170,19593,19593,0,5.331756646550318,-0.08470541401273882,0.0,0.0,0.0
광주,동구,학운동,무등현대미술관,4535,426.1218181818182,3.0,11.0,7465,8155.8441558441555,4,2.172661870503597,602.0,605.0,412.0,441.0,사립,170,8009,2077,0,9.642496597217184,-0.08470541401273882,-0.7272727272727273,0.8410596026490068,-0.06575963718820861
광주,동구,학운동,우제길미술관,2588,408.73333333333335,5.0,1.0,1500,1500.0,1,1.0,1142.8,1139.0,165.0,165.0,사립,170,2814,952,0,5.331756646550318,0.0,4.0,0.0,0.0
광주,동구,충장동,은암미술관,10000,408.73333333333335,5.0,5.0,7465,8155.8441558441555,3,4.0,2608.0,2608.0,398.0,395.0,사립,772,6918,7194,1,23.465829391616374,-0.08470541401273882,0.0,-0.25,0.007594936708860759
광주,동구,학운동,의재미술관,2588,408.73333333333335,3.0,3.0,2000,2000.0,3,3.0,1562.0,1562.0,630.0,630.0,사립,170,8601,8016,0,5.331756646550318,0.0,0.0,0.0,0.0
광주,동구,충장동,주안미술관,350,350.0,27.0,8.0,7465,8155.8441558441555,5,2.0,131.0,131.0,125.0,125.0,사립,772,3164,1816,0,0.0,-0.08470541401273882,2.375,1.5,0.0
광주,남구,진월동,광주대학교 호심미술관,3011,329.125,0.0,0.0,0,0.0,2,2.172661870503597,405.0,405.0,135.0,135.0,대학,296,10500,10400,0,8.148499810102544,0.0,0.0,-0.07947019867549661,0.0
대전,서구,만년동,대전시립미술관,24220,343.3636363636364,8.0,15.0,500,500.0,2,2.172661870503597,11081.08,8427.0,2954.0,2954.0,공립,227,182437,86221,0,69.53746359544613,0.0,-0.4666666666666667,-0.07947019867549661,0.0
대전,서구,만년동,이응노미술관,9689,343.3636363636364,0.0,43.0,2750,6738.888888888889,2,2.172661870503597,2700.0,2700.0,472.0,472.0,공립,227,65924,60071,0,27.217897802488746,-0.5919208573784006,-1.0,-0.07947019867549661,0.0
대전,유성구,온천1동,성암미술관,1000,329.125,1.0,0.0,7465,4000.0,2,2.172661870503597,531.0,531.0,247.0,247.0,사립,1018,292,217,0,2.038359285985568,0.86625,0.0,-0.07947019867549661,0.0
울산,중구,중앙동,울산시립미술관,2798,343.3636363636364,20.0,8.0,1000,1000.0,2,2.172661870503597,12830.0,12830.0,2318.0,2318.0,공립,551,198334,194235,0,7.148795340217103,0.0,1.5,-0.07947019867549661,0.0
경기,안산시,초지동,경기도미술관,14328,343.3636363636364,20.0,15.0,2750,6738.888888888889,2,2.172661870503597,8277.0,8277.0,2115.0,2115.0,공립,368,150647,100898,0,40.72835583796664,-0.5919208573784006,0.3333333333333333,-0.07947019867549661,0.0
경기,이천시,관고동,경기도자미술관,16474,343.3636363636364,19.0,6.0,2750,6738.888888888889,2,2.172661870503597,6926.38,6926.0,1926.91,1992.0,공립,212,1525,6537,1,46.97828964786868,-0.5919208573784006,2.1666666666666665,-0.07947019867549661,-0.03267570281124494
경기,여주시,오학동,경기생활도자미술관,10613,343.3636363636364,2.0,3.0,2750,6738.888888888889,2,2.172661870503597,2858.0,2858.0,934.0,1258.0,공립,282,16553,16189,0,29.90892242520519,-0.5919208573784006,-0.3333333333333333,-0.07947019867549661,-0.2575516693163752
경기,고양시,마두1동,고양시립 아람미술관,500,408.73333333333335,21.0,19.0,2750,6738.888888888889,2,2.172661870503597,1961.0,1961.0,2801.6,1899.0,공립,368,21727,21523,0,0.22329146958081875,-0.5919208573784006,0.10526315789473684,-0.07947019867549661,0.4753027909426013
경기,안산시,성포동,김홍도미술관,1000,343.3636363636364,1.0,3.0,2750,6738.888888888889,2,2.172661870503597,3072.0,3072.0,2451.0,2451.0,공립,368,39775,32289,0,1.9123643102991792,-0.5919208573784006,-0.6666666666666666,-0.07947019867549661,0.0
경기,용인시,상갈동,백남준아트센터,9665,343.3636363636364,21.0,21.0,2750,6738.888888888889,2,2.172661870503597,5605.0,5605.0,2357.0,2357.0,공립,368,123099,141923,1,27.14800105904157,-0.5919208573784006,0.0,-0.07947019867549661,0.0
경기,성남시,야탑3동,성남큐브미술관,10613,343.3636363636364,5.0,2.0,2750,6738.888888888889,2,2.172661870503597,4538.0,4538.0,1131.0,1131.0,공립,368,48424,36436,0,29.90892242520519,-0.5919208573784006,1.5,-0.07947019867549661,0.0
경기,수원시,행궁동,수원시립미술관,10613,343.3636363636364,18.0,19.0,4000,6738.888888888889,2,2.172661870503597,9661.9,9662.0,2058.6,2424.0,공립,368,140222,75744,0,29.90892242520519,-0.4064303380049464,-0.05263157894736842,-0.07947019867549661,-0.1507425742574258
경기,양주시,장흥면,양주시립장욱진미술관,300,300.0,25.0,25.0,5000,5000.0,2,2.172661870503597,1852.0,1852.0,481.0,481.0,공립,277,67644,67644,0,0.0,0.0,0.0,-0.07947019867549661,0.0
경기,양평군,양평읍,양평군립미술관,1100,343.3636363636364,0.0,199.0,2750,6738.888888888889,2,2.172661870503597,4185.0,4185.0,1685.0,1685.0,공립,620,48842,35767,0,2.203600741329097,-0.5919208573784006,-1.0,-0.07947019867549661,0.0
경기,여주시,여흥동,여주시 미술관 아트뮤지엄 려,4535,329.125,9.0,7.0,2750,6738.888888888889,2,2.172661870503597,1056.7,561.0,334.6,335.0,공립,504,25000,22904,0,12.77895936194455,-0.5919208573784006,0.2857142857142857,-0.07947019867549661,-0.0011940298507462008
경기,오산시,중앙동,오산시립미술관,10613,867.0,1.0,3.0,2750,6738.888888888889,2,2.172661870503597,3172.62,3173.0,648.75,759.0,공립,524,8000,16225,1,11.241061130334487,-0.5919208573784006,-0.6666666666666666,-0.07947019867549661,-0.14525691699604742
경기,이천시,관고동,이천시립월전미술관,2588,408.73333333333335,16.0,16.0,2000,2000.0,2,2.172661870503597,2008.0,2008.0,637.0,637.0,공립,212,19068,16179,0,5.331756646550318,0.0,0.0,-0.07947019867549661,0.0
경기,양주시,장흥면,양주시립민복진미술관,5000,426.1218181818182,6.0,5.0,5000,5000.0,2,2.172661870503597,895.0,895.0,447.0,446.8,공립,277,70149,67644,0,10.7337338447819,0.0,0.2,-0.07947019867549661,0.0004476275738585242
경기,양평군,양동면,C ART MUSEUM,1000,80.0,2.0,0.0,7000,7000.0,2,1.0,2067.0,3219.0,295.65,1803.0,사립,43,1000,120,0,11.5,0.0,0.0,1.0,-0.8360232945091514
경기,김포시,양촌읍,CICA미술관,4535,426.1218181818182,21.0,21.0,7000,7000.0,2,2.0,712.0,712.0,600.0,600.0,사립,580,2250,3836,1,9.642496597217184,0.0,0.0,0.0,0.0
경기,가평군,청평면,가일미술관,2588,408.73333333333335,3.0,3.0,7465,8155.8441558441555,1,1.0,2300.0,2300.0,1040.0,1040.0,사립,376,783,522,0,5.331756646550318,-0.08470541401273882,0.0,0.0,0.0
경기,양평군,서종면,구하우스 미술관,400,400.0,5.0,2.0,15000,15000.0,7,7.0,1683.0,1682.91,787.0,787.0,사립,204,17164,19784,1,0.0,0.0,1.5,0.0,0.0
경기,용인시,상하동,근현대사미술관담다,5100,426.1218181818182,7.0,38.0,5000,5000.0,1,2.0,807.3,807.3,467.0,467.0,사립,368,7500,6470,0,10.968408521677539,0.0,-0.8157894736842105,-0.5,0.0
경기,가평군,북면,남송미술관,3100,408.73333333333335,0.0,4.0,6000,6000.0,4,4.0,1498.0,1498.0,1192.0,1061.0,사립,87,2457,950,0,6.584407111401076,0.0,-1.0,0.0,0.1234684260131951
경기,광주시,초월읍,닻미술관,600,600.0,4.0,4.0,7465,8155.8441558441555,3,4.0,650.0,650.0,315.0,315.0,사립,413,2396,2567,1,0.0,-0.08470541401273882,0.0,-0.25,0.0
경기,용인시,모현읍,마가미술관,300,300.0,4.0,3.0,5000,5000.0,1,1.0,752.0,752.0,340.0,340.0,사립,368,2400,2150,0,0.0,0.0,0.3333333333333333,0.0,0.0
경기,안산시,대부동,맥아트미술관,4535,426.1218181818182,6.0,5.0,10000,10000.0,1,1.0,901.0,901.0,132.0,132.0,사립,368,35000,31900,0,9.642496597217184,0.0,0.2,0.0,0.0
경기,남양주시,화도읍,모란미술관,4535,426.1218181818182,8.0,6.0,5000,5000.0,3,2.0,817.0,950.2,544.22,494.0,사립,1232,4387,2348,0,9.642496597217184,0.0,0.3333333333333333,0.5,0.10165991902834014
경기,파주시,교하동,미메시스아트뮤지엄,500,500.0,10.0,10.0,5000,5000.0,2,2.0,1389.0,1389.0,2374.0,2374.0,사립,328,6771,6771,0,0.0,0.0,0.0,0.0,0.0
경기,의정부시,호원1동,백영수미술관,250,250.0,4.0,4.0,5000,5000.0,1,1.0,372.0,372.0,106.0,106.0,사립,241,2314,2102,0,0.0,0.0,0.0,0.0,0.0
경기,김포시,고촌읍,보름산미술관,1200,426.1218181818182,5.0,5.0,7465,8155.8441558441555,2,2.0,1081.0,1081.0,299.0,299.0,사립,357,12000,12262,1,1.8160961227476564,-0.08470541401273882,0.0,0.0,0.0
경기,파주시,탄현면,블루메미술관,4535,426.1218181818182,8.0,8.0,7465,8155.8441558441555,2,2.0,661.37,661.0,270.51,270.51,사립,479,1815,1815,0,9.642496597217184,-0.08470541401273882,0.0,0.0,0.0
경기,남양주시,화도읍,서호미술관,250,329.125,12.0,3.0,6400,5000.0,2,2.0,440.1,396.0,362.8,280.0,사립,1232,8100,8100,0,-0.24041017850360805,0.28,3.0,0.0,0.29571428571428576
경기,과천시,과천동,선바위미술관,2588,408.73333333333335,0.0,0.0,2000,2000.0,1,1.0,1539.0,1539.0,742.0,742.0,사립,111,4550,4530,0,5.331756646550318,0.0,0.0,0.0,0.0
경기,가평군,설악면,설미재미술관,139,139.0,15.0,9.0,3000,3000.0,3,2.172661870503597,500.0,500.2,104.0,103.7,사립,316,1000,960,0,0.0,0.0,0.6666666666666666,0.3807947019867551,0.0028929604628736465
경기,화성시,화산동,소다미술관,4535,426.1218181818182,9.0,5.0,7465,8155.8441558441555,2,4.0,657.0,657.0,499.0,499.0,사립,202,8345,12287,1,9.642496597217184,-0.08470541401273882,0.8,-0.5,0.0
경기,시흥시,대야동,소전미술관,9410,426.1218181818182,2.0,2.0,1000,1000.0,1,1.0,962.0,962.0,365.0,365.0,사립,600,4723,9832,1,21.08288709587954,0.0,0.0,0.0,0.0
경기,파주시,광탄면,아트린뮤지움,500,408.73333333333335,17.0,5.0,7000,4000.0,1,1.0,1532.0,1132.0,534.0,528.0,사립,302,5222,2014,0,0.22329146958081875,0.75,2.4,0.0,0.011363636363636364
경기,파주시,탄현면,아트센터 화이트블럭,2588,408.73333333333335,9.0,9.0,3000,3000.0,5,5.0,1498.0,1498.0,617.0,617.0,사립,479,3488,3488,0,5.331756646550318,0.0,0.0,0.0,0.0
경기,양주시,백석읍,안상철미술관,4535,426.1218181818182,7.0,21.0,7465,8155.8441558441555,1,1.0,609.0,609.0,280.0,280.0,사립,326,4170,1529,0,9.642496597217184,-0.08470541401273882,-0.6666666666666666,0.0,0.0
경기,용인시,이동읍,안젤리미술관,15000,426.1218181818182,12.0,0.0,6000,2000.0,4,1.0,859.0,859.0,298.0,298.0,사립,368,6500,2227,0,34.20120153434571,2.0,0.0,3.0,0.0
경기,화성시,봉담읍,엄미술관,3011,329.125,6.0,6.0,7465,5000.0,3,3.0,398.0,398.0,258.0,258.0,사립,942,2926,2926,0,8.148499810102544,0.493,0.0,0.0,0.0
경기,평택시,포승읍,엠엠아트센터,350,408.73333333333335,0.0,0.0,7465,10000.0,1,2.172661870503597,2251.0,2250.98,892.5,892.5,사립,589,18000,12915,0,-0.14369597129342687,-0.2535,0.0,-0.5397350993377483,0.0
경기,여주시,여흥동,여주미술관,750,329.125,10.0,7.0,5000,8155.8441558441555,1,3.0,1032.0,561.0,386.32,335.0,사립,504,1427,22904,1,1.2787694644891758,-0.38694267515923564,0.42857142857142855,-0.6666666666666666,0.15319402985074626
경기,광주시,쌍령동,영은미술관,45000,343.3636363636364,3.0,10.0,10000,10000.0,7,9.0,6372.0,6372.0,1234.0,1234.0,사립,74,5016,8464,1,130.05639396346305,0.0,-0.7,-0.2222222222222222,0.0
경기,안산시,대부동,유리섬미술관,2588,408.73333333333335,5.0,5.0,10000,10000.0,1,1.0,1802.0,1802.0,257.0,257.0,사립,368,35000,31900,0,5.331756646550318,0.0,0.0,0.0,0.0
경기,양평군,강하면,이함미술관,2588,426.1218181818182,0.0,0.0,7465,8155.8441558441555,2,1.0,1215.57,987.0,943.85,944.0,사립,74,13070,15000,1,5.073380638059112,-0.08470541401273882,0.0,1.0,-0.00015889830508472168
경기,가평군,조종면,일지미술관,3011,329.125,0.0,0.0,7465,8155.8441558441555,2,2.172661870503597,168.0,168.0,84.0,84.0,사립,238,530,20833,1,8.148499810102544,-0.08470541401273882,0.0,-0.07947019867549661,0.0
경기,안산시,대부동,종이미술관,4535,426.1218181818182,31.0,31.0,9000,9000.0,1,1.0,595.0,595.0,519.0,519.0,사립,368,33000,32500,0,9.642496597217184,0.0,0.0,0.0,0.0
경기,여주시,산북면,죽포미술관,150,150.0,0.0,0.0,7465,8155.8441558441555,2,1.0,543.6,543.62,1105.8,1105.8,사립,51,500,500,0,0.0,-0.08470541401273882,0.0,1.0,0.0
경기,파주시,광탄면,콩세유미술관,104,104.0,4.0,4.0,5000,5000.0,3,3.0,485.0,485.0,271.0,271.0,사립,302,1260,1260,0,0.0,0.0,0.0,0.0,0.0
경기,고양시,화전동,포마자동차디자인미술관,2,408.73333333333335,6.0,6.0,10000,10000.0,2,2.0,1483.0,1483.0,626.0,626.0,사립,368,480,971,1,-0.9951068341216768,0.0,0.0,0.0,0.0
경기,남양주시,와부읍,한강뮤지엄,50,50.0,2.0,4.0,10000,10000.0,3,1.0,937.4,1480.0,786.0,937.0,사립,588,25800,24000,0,0.0,0.0,-0.5,2.0,-0.16115261472785486
경기,용인시,마북동,한국미술관,2000,426.1218181818182,2.0,9.0,3000,3000.0,3,3.0,743.0,743.0,539.0,539.0,사립,368,1397,1164,0,3.693493537912761,0.0,-0.7777777777777778,0.0,0.0
경기,파주시,탄현면,한향림도자미술관,278,278.0,7.0,7.0,5000,5000.0,1,1.0,1187.0,1187.0,796.0,796.0,사립,479,9172,9172,0,0.0,0.0,0.0,0.0,0.0
경기,수원시,매교동,해움미술관,3011,329.125,3.0,3.0,7465,8155.8441558441555,1,2.172661870503597,307.0,307.0,293.0,293.0,사립,368,2500,2500,0,8.148499810102544,-0.08470541401273882,0.0,-0.5397350993377483,0.0
경기,성남시,백현동,현대어린이책미술관 MOKA,6000,343.3636363636364,60.0,60.0,7465,8155.8441558441555,14,6.0,2736.0,2736.0,620.0,620.0,사립,368,104898,91230,0,16.474185861795075,-0.08470541401273882,0.0,1.3333333333333333,0.0
경기,남양주시,다산1동,현대어린이책미술관 MOKA GARDEN,2000,426.1218181818182,12.0,12.0,7465,8155.8441558441555,3,2.0,668.0,668.0,84.0,84.0,사립,368,285246,192996,0,3.693493537912761,-0.08470541401273882,0.0,0.5,0.0
경기,안성시,삼죽면,DIMA 아트센터,2588,408.73333333333335,1.0,0.0,0,0.0,1,1.0,1927.19,1927.19,191.957,191.957,대학,83,2978,2759,0,5.331756646550318,0.0,0.0,0.0,0.0
경기,의왕시,내손1동,KUMA 계원예술대학교 미술관,3011,329.125,0.0,0.0,0,0.0,1,1.0,479.0,479.0,479.0,419.0,대학,186,7500,7500,0,8.148499810102544,0.0,0.0,0.0,0.1431980906921241
경기,성남시,고등동,갤러리 우촌(미술관),10613,343.3636363636364,2.0,2.0,7000,7000.0,1,1.0,3171.0,3171.0,495.0,347.0,대학,368,83475,84903,1,29.90892242520519,0.0,0.0,0.0,0.4265129682997118
강원,강릉시,교1동,강릉시립미술관,4535,426.1218181818182,17.0,14.0,2750,6738.888888888889,2,2.172661870503597,917.0,917.0,506.0,506.0,공립,607,44758,33110,0,9.642496597217184,-0.5919208573784006,0.21428571428571427,-0.07947019867549661,0.0
강원,인제군,북면,공립인제내설악미술관,360,360.0,0.0,0.0,2750,6738.888888888889,2,2.172661870503597,804.0,804.0,419.0,419.0,공립,300,6200,6200,0,0.0,-0.5919208573784006,0.0,-0.07947019867549661,0.0
강원,양구군,양구읍,양구군립 박수근미술관,750,590.0,11.0,9.0,2750,6738.888888888889,2,2.172661870503597,4096.0,4098.0,2840.0,2840.0,공립,371,39636,39425,0,0.2711864406779661,-0.5919208573784006,0.2222222222222222,-0.07947019867549661,0.0
강원,춘천시,소양동,춘천미술관,3011,329.125,7.0,7.0,2750,6738.888888888889,2,2.172661870503597,372.0,372.0,256.0,251.0,공립,259,12000,12000,0,8.148499810102544,-0.5919208573784006,0.0,-0.07947019867549661,0.0199203187250996
강원,춘천시,강남동,KT&G 상상마당 춘천 아트갤러리,1668,343.3636363636364,11.0,14.0,7465,8155.8441558441555,3,2.0,3873.0,3873.0,178.0,178.0,사립,373,54441,29546,0,3.8578236695790307,-0.08470541401273882,-0.21428571428571427,0.5,0.0
강원,인제군,북면,내설악백공미술관,4535,426.1218181818182,0.0,0.0,7465,8155.8441558441555,2,2.172661870503597,854.0,854.0,650.0,650.0,사립,300,300,300,0,9.642496597217184,-0.08470541401273882,0.0,-0.07947019867549661,0.0
강원,원주시,지정면,뮤지엄 산(청조갤러리),3524,343.3636363636364,24.0,24.0,22000,19000.0,22,6.0,11602.0,11602.0,685.77,685.77,사립,403,367010,263621,0,9.263171829494308,0.15789473684210525,0.0,2.6666666666666665,0.0
강원,고성군,토성면,바우지움조각미술관,4535,426.1218181818182,5.0,5.0,13000,13000.0,1,1.0,914.0,914.0,404.0,404.0,사립,223,30000,52500,1,9.642496597217184,0.0,0.0,0.0,0.0
강원,속초시,교동,석봉도자기미술관,1105,408.73333333333335,25.0,25.0,5000,5000.0,1,1.0,2107.0,2107.0,1313.0,1313.0,사립,254,5238,5000,0,1.7034741477736095,0.0,0.0,0.0,0.0
강원,원주시,문막읍,오랜미래신화미술관,3011,329.125,0.0,0.0,5000,5000.0,1,1.0,351.0,351.0,153.0,153.0,사립,391,500,500,0,8.148499810102544,0.0,0.0,0.0,0.0
강원,동해시,삼화동,월산미술관,2588,408.73333333333335,0.0,0.0,7465,8155.8441558441555,2,2.172661870503597,1453.6,1849.0,341.4,341.0,사립,50,3000,14516,1,5.331756646550318,-0.08470541401273882,0.0,-0.07947019867549661,0.001173020527859171
강원,춘천시,사북면,이상원미술관,500,500.0,20.0,20.0,6000,6000.0,2,2.0,4877.0,4877.0,900.0,900.0,사립,36,26500,28532,1,0.0,0.0,0.0,0.0,0.0
강원,강릉시,송정동,장길환미술관,1364,408.73333333333335,1.0,5.0,10000,10000.0,2,2.172661870503597,2265.0,2265.0,625.747,620.0,사립,123,9800,35549,1,2.3371391290164736,0.0,-0.8,-0.07947019867549661,0.00926935483870961
강원,정선군,정선읍,정선507미술관,4535,426.1218181818182,6.0,8.0,7465,8155.8441558441555,2,2.0,562.0,562.0,562.0,562.0,사립,273,3000,6000,1,9.642496597217184,-0.08470541401273882,-0.25,0.0,0.0
강원,영월군,한반도면,쾌연재도자미술관,300,300.0,1.0,1.0,5000,5000.0,2,2.172661870503597,399.0,265.0,138.0,138.0,사립,37,187,379,1,0.0,0.0,0.0,-0.07947019867549661,0.0
강원,고성군,죽왕면,피움미술관,10613,343.3636363636364,10.0,10.0,7465,8155.8441558441555,2,2.172661870503597,2840.0,2840.0,1600.0,1600.0,사립,114,5000,5000,0,29.90892242520519,-0.08470541401273882,0.0,-0.07947019867549661,0.0
강원,강릉시,강동면,하슬라미술관,300,300.0,11.0,11.0,15000,12000.0,2,1.0,284.38,284.38,177.0,177.0,사립,134,310000,290000,0,0.0,0.25,0.0,1.0,0.0
충북,충주시,성내.충인동,관아갤러리,4535,426.1218181818182,0.0,0.0,2750,6738.888888888889,2,2.172661870503597,730.3,730.0,200.0,200.0,공립,334,7800,16030,1,9.642496597217184,-0.5919208573784006,0.0,-0.07947019867549661,0.0
충북,진천군,진천읍,진천군립 생거판화미술관,2588,408.73333333333335,6.0,14.0,2750,6738.888888888889,2,2.172661870503597,1538.0,1538.0,357.0,357.0,공립,683,17104,10686,0,5.331756646550318,-0.5919208573784006,-0.5714285714285714,-0.07947019867549661,0.0
충북,청주시,사직2동,청주시립미술관,3592,343.3636363636364,10.0,6.0,1000,1000.0,2,2.172661870503597,4910.0,4910.0,1641.0,1641.0,공립,422,24744,18378,0,9.461212602594651,0.0,0.6666666666666666,-0.07947019867549661,0.0
충북,청주시,문의면,청주시립미술관 분관(대청호미술관),2588,408.73333333333335,3.0,2.0,2750,1000.0,2,2.172661870503597,1411.0,1411.34,446.0,446.0,공립,422,56343,13839,0,5.331756646550318,1.75,0.5,-0.07947019867549661,0.0
충북,청주시,내덕2동,청주시한국공예관,10613,343.3636363636364,6.0,5.0,2750,6738.888888888889,2,2.172661870503597,14238.0,14238.0,6280.0,6280.0,공립,422,22352,29685,1,29.90892242520519,-0.5919208573784006,0.2,-0.07947019867549661,0.0
충북,충주시,대소원면,성마루미술관,3011,500.0,0.0,0.0,7465,8155.8441558441555,2,2.172661870503597,330.0,330.0,200.0,330.0,사립,251,3000,2920,0,5.022,-0.08470541401273882,0.0,-0.07947019867549661,-0.3939393939393939
충북,청주시,내수읍,쉐마미술관,47000,426.1218181818182,5.0,0.0,2000,2000.0,5,5.0,620.0,620.0,186.0,186.0,사립,422,4000,4000,0,109.29709814094987,0.0,0.0,0.0,0.0
충북,청주시,중앙동,우민아트센터,4535,426.1218181818182,25.0,31.0,7465,8155.8441558441555,5,2.0,851.0,851.0,465.0,465.0,사립,422,5597,14920,1,9.642496597217184,-0.08470541401273882,-0.1935483870967742,1.5,0.0
충북,청주시,내수읍,운보미술관,2588,408.73333333333335,0.0,0.0,6000,6000.0,3,3.0,1408.0,1408.0,200.0,200.0,사립,422,13000,13000,0,5.331756646550318,0.0,0.0,0.0,0.0
충남,홍성군,홍북읍,고암이응노생가기념관,10000,408.73333333333335,27.0,27.0,1000,1000.0,2,2.172661870503597,1312.0,1312.0,432.0,432.0,공립,411,14298,14298,0,23.465829391616374,0.0,0.0,-0.07947019867549661,0.0
충남,천안시,성남면,천안시립미술관,2588,408.73333333333335,6.0,6.0,2750,6738.888888888889,2,2.172661870503597,1682.0,1682.0,894.0,894.0,공립,140,29714,25238,0,5.331756646550318,-0.5919208573784006,0.0,-0.07947019867549661,0.0
충남,아산시,송악면,당림미술관,1950,329.125,12.0,68.0,5000,4000.0,3,3.0,485.0,485.0,203.0,203.0,사립,59,18373,9857,0,4.924800607671857,0.25,-0.8235294117647058,0.0,0.0
충남,천안시,원성1동,리각미술관,300,300.0,8.0,8.0,7465,8155.8441558441555,5,5.0,850.0,850.0,15401.0,15401.0,사립,140,5000,5000,0,0.0,-0.08470541401273882,0.0,0.0,0.0
충남,보령시,성주면,모산조형미술관,4535,426.1218181818182,3.0,3.0,7465,8155.8441558441555,1,1.0,939.0,939.0,435.0,435.0,사립,58,21192,23591,1,9.642496597217184,-0.08470541401273882,0.0,0.0,0.0
충남,서산시,부석면,서해미술관,3011,329.125,2.0,6.0,7465,8155.8441558441555,3,1.0,550.0,549.0,120.0,132.0,사립,93,3700,5475,1,8.148499810102544,-0.08470541401273882,-0.6666666666666666,2.0,-0.09090909090909091
충남,예산군,덕산면,수덕사 선미술관,10613,329.125,0.0,0.0,7465,8155.8441558441555,2,2.172661870503597,12200.0,419.25,238.0,238.0,사립,305,365000,85000,0,31.24610710216483,-0.08470541401273882,0.0,-0.07947019867549661,0.0
충남,당진시,순성면,순성미술관,3011,329.125,0.0,0.0,7465,8155.8441558441555,1,1.0,181.69,181.69,144.65,144.65,사립,54,13250,98241,1,8.148499810102544,-0.08470541401273882,0.0,0.0,0.0
충남,당진시,순성면,아미미술관,7200,426.1218181818182,4.0,4.0,7465,8155.8441558441555,2,2.0,957.0,957.0,251.0,251.0,사립,54,111483,111483,0,15.896576736485938,-0.08470541401273882,0.0,0.0,0.0
충남,공주시,계룡면,임립미술관,5000,408.73333333333335,0.0,7.0,3000,5000.0,4,7.0,1457.6,1457.6,953.0,929.0,사립,89,8000,10000,1,11.232914695808187,-0.4,-1.0,-0.42857142857142855,0.02583423035522067
전북,남원시,노암동,남원시립김병종미술관,6542,408.73333333333335,0.0,0.0,2750,6738.888888888889,2,2.172661870503597,1463.0,1463.0,511.0,511.0,공립,85,73275,79669,1,15.005545587995432,-0.5919208573784006,0.0,-0.07947019867549661,0.0
전북,김제시,부량면,벽천미술관,815,329.125,1.0,0.0,2750,6738.888888888889,2,2.172661870503597,489.0,489.0,335.0,335.0,공립,13,2234,2180,0,1.4762628180782378,-0.5919208573784006,0.0,-0.07947019867549661,0.0
전북,순창군,순창읍,순창공립옥천골미술관,3011,329.125,3.0,3.0,2750,6738.888888888889,2,2.172661870503597,464.59,464.59,162.0,162.0,공립,257,12453,7379,0,8.148499810102544,-0.5919208573784006,0.0,-0.07947019867549661,0.0
전북,익산시,어양동,익산예술의전당미술관,200,200.0,15.0,5.0,2750,6738.888888888889,2,2.172661870503597,3368.0,3368.0,1110.0,1110.0,공립,264,17429,16899,0,0.0,-0.5919208573784006,2.0,-0.07947019867549661,0.0
전북,정읍시,초산동,정읍시립미술관,2050,408.73333333333335,4.0,4.0,2750,6738.888888888889,2,2.172661870503597,1696.4,1696.4,594.7,638.4,공립,82,15119,14197,0,4.015495025281357,-0.5919208573784006,0.0,-0.07947019867549661,-0.06845238095238085
전북,무주군,무주읍,최북미술관,2588,408.73333333333335,7.0,5.0,2750,6738.888888888889,2,2.172661870503597,1094.0,1094.0,546.0,546.0,공립,203,43039,22500,0,5.331756646550318,-0.5919208573784006,0.4,-0.07947019867549661,0.0
전북,익산시,어양동,W미술관,4620,329.125,4.0,4.0,7465,8155.8441558441555,2,2.0,431.03,431.0,148.6,149.0,사립,264,3997,2642,0,13.037219901253323,-0.08470541401273882,0.0,0.0,-0.0026845637583892998
전북,전주시,풍남동,교동미술관,700,700.0,6.0,7.0,7465,8155.8441558441555,4,6.0,405.0,405.0,236.0,236.0,사립,148,43599,16399,0,0.0,-0.08470541401273882,-0.14285714285714285,-0.3333333333333333,0.0
전북,부안군,변산면,금구원야외조각미술관,760,760.0,0.0,0.0,3000,2000.0,1,2.172661870503597,847.9449999999999,709.955625,10040.0,10040.0,사립,231,4000,9749,1,0.0,0.5,0.0,-0.5397350993377483,0.0
전북,전주시,효자5동,누벨백미술관,820,820.0,4.0,9.0,7465,8155.8441558441555,1,2.0,922.0,922.0,205.0,410.0,사립,148,2970,3100,1,0.0,-0.08470541401273882,-0.5555555555555556,-0.5,-0.5
전북,전주시,풍남동,미술관 솔,500,329.125,0.0,0.0,7465,3000.0,2,2.0,5887.0,356.0,214.0,214.4,사립,148,2500,2000,0,0.5191796429927839,1.4883333333333333,0.0,0.0,-0.0018656716417910712
전북,완주군,소양면,산속등대미술관,983,983.0,2.0,64.0,12000,12000.0,1,1.0,2564.1,2564.1,827.0,827.0,사립,98,18931,32850,1,0.0,0.0,-0.96875,0.0,0.0
전북,남원시,수지면,수지미술관,3000,426.1218181818182,23.0,21.0,7465,8155.8441558441555,1,1.0,886.0,886.0,317.0,317.0,사립,4,3944,2657,0,6.0402403068691415,-0.08470541401273882,0.09523809523809523,0.0,0.0
전북,군산시,흥남동,예깊미술관,500,500.0,2.0,2.0,7465,8155.8441558441555,1,1.0,330.0,330.0,495.0,495.0,사립,153,14160,14160,0,0.0,-0.08470541401273882,0.0,0.0,0.0
전북,군산시,월명동,이당미술관,3011,329.125,0.0,0.0,7465,8155.8441558441555,2,1.0,449.0,449.0,430.0,430.0,사립,363,18474,18474,0,8.148499810102544,-0.08470541401273882,0.0,1.0,0.0
전북,장수군,계남면,장수미술관,500,500.0,4.0,4.0,7465,8155.8441558441555,1,1.0,223.0,223.0,103.0,103.0,사립,23,1522,1378,0,0.0,-0.08470541401273882,0.0,0.0,0.0
전북,전주시,풍남동,전주현대미술관,550,550.0,3.0,3.0,5000,5000.0,1,1.0,638.0,638.0,391.0,391.0,사립,148,5500,6000,1,0.0,0.0,0.0,0.0,0.0
전북,전주시,노송동,청목미술관,253,253.0,2.0,7.0,7465,8155.8441558441555,2,3.0,400.0,400.3,185.0,185.0,사립,148,10969,7985,0,0.0,-0.08470541401273882,-0.7142857142857143,-0.3333333333333333,0.0
전북,부안군,진서면,휘목미술관,2588,408.73333333333335,0.0,0.0,3000,3000.0,1,1.0,1112.0,1112.0,800.0,800.0,사립,100,1503,17492,1,5.331756646550318,0.0,0.0,0.0,0.0
전남,신안군,자은면,1004섬수석미술관,3011,329.125,0.0,0.0,10000,10000.0,2,2.172661870503597,446.47,446.47,449.45,449.45,공립,38,27000,27000,0,8.148499810102544,0.0,0.0,-0.07947019867549661,0.0
전남,진도군,의신면,남도전통미술관,120,120.0,4.0,4.0,2750,6738.888888888889,2,2.172661870503597,1656.0,1656.0,575.0,575.0,공립,73,98831,107439,1,0.0,-0.5919208573784006,0.0,-0.07947019867549661,0.0
전남,목포시,유달동,노적봉예술공원미술관,2588,489.0,0.0,1.0,2750,6738.888888888889,2,2.172661870503597,2576.0,2554.0,1316.0,804.0,공립,117,32728,28436,0,4.292433537832311,-0.5919208573784006,-1.0,-0.07947019867549661,0.6368159203980099
전남,무안군,삼향읍,무안군오승우미술관,10613,343.3636363636364,12.0,12.0,2750,6738.888888888889,2,2.172661870503597,2744.0,2744.0,1031.7,1031.8,공립,625,8682,5400,0,29.90892242520519,-0.5919208573784006,0.0,-0.07947019867549661,-9.691800736568042e-05
전남,보성군,문덕면,보성군립백민미술관,6000,426.1218181818182,0.0,0.0,2750,6738.888888888889,2,2.172661870503597,1075.0,1075.0,555.0,555.0,공립,8,4560,4557,0,13.080480613738281,-0.5919208573784006,0.0,-0.07947019867549661,0.0
전남,영암군,군서면,영암군립하정웅미술관,3000,31.0,4.0,0.0,2750,6738.888888888889,2,2.172661870503597,2949.4,1614.0,747.4,500.0,공립,35,22929,18972,0,95.7741935483871,-0.5919208573784006,0.0,-0.07947019867549661,0.49479999999999996
전남,신안군,압해읍,저녁노을미술관,2588,408.73333333333335,3.0,4.0,10000,5000.0,2,2.172661870503597,1408.52,1408.52,665.7,665.7,공립,68,24551,36352,1,5.331756646550318,1.0,-0.25,-0.07947019867549661,0.0
전남,광양시,광양읍,전남도립미술관,2166,343.3636363636364,24.0,9.0,2750,80800.0,2,2.172661870503597,11580.0,11580.0,2709.0,2709.0,공립,948,128032,116485,0,5.308181096108021,-0.9659653465346535,1.6666666666666667,-0.07947019867549661,0.0
전남,함평군,함평읍,함평군립미술관,1371,343.3636363636364,3.0,3.0,2750,6738.888888888889,2,2.172661870503597,3854.0,3854.0,1238.0,1238.0,공립,187,37307,55547,1,2.992851469420174,-0.5919208573784006,0.0,-0.07947019867549661,0.0
전남,목포시,목원동,갓바위미술관,3011,329.125,0.0,0.0,7465,8155.8441558441555,1,1.0,265.0,265.0,132.0,132.0,사립,255,1200,1200,0,8.148499810102544,-0.08470541401273882,0.0,0.0,0.0
전남,강진군,강진읍,강진미술관,10,10.0,0.0,0.0,7465,8155.8441558441555,1,1.0,685.0,685.0,511.0,511.0,사립,369,1800,1800,0,0.0,-0.08470541401273882,0.0,0.0,0.0
전남,목포시,연동,경훈미술관,3011,329.125,12.0,12.0,7465,81000.0,1,1.0,140.0,140.0,114.0,114.0,사립,86,165000,175000,1,8.148499810102544,-0.9078395061728395,0.0,0.0,0.0
전남,담양군,대전면,공예미술관 보임쉔,3011,329.125,5.0,7.0,7465,8155.8441558441555,1,1.0,373.0,373.0,158.0,158.0,사립,58,2000,2000,0,8.148499810102544,-0.08470541401273882,-0.2857142857142857,0.0,0.0
전남,진도군,임회면,나절로미술관,10000,426.1218181818182,0.0,0.0,7465,8155.8441558441555,1,1.0,822.0,822.0,822.0,822.0,사립,52,360,360,0,22.467467689563804,-0.08470541401273882,0.0,0.0,0.0
전남,고흥군,영남면,남포미술관,2200,426.1218181818182,1.0,3.0,7465,8155.8441558441555,2,1.0,965.0,965.0,242.0,242.0,사립,7,30000,9200,0,4.162842891704037,-0.08470541401273882,-0.6666666666666666,1.0,0.0
전남,화순군,사평면,다산미술관,2500,329.125,6.0,10.0,7465,8155.8441558441555,1,2.172661870503597,378.0,378.0,120.0,120.0,사립,16,1800,934,0,6.59589821496392,-0.08470541401273882,-0.4,-0.5397350993377483,0.0
전남,담양군,담양읍,대담미술관,4535,426.1218181818182,13.0,19.0,7465,8155.8441558441555,2,3.0,895.0,895.0,416.0,416.0,사립,434,62926,28034,0,9.642496597217184,-0.08470541401273882,-0.3157894736842105,-0.3333333333333333,0.0
전남,고흥군,도화면,도화헌미술관,1000,408.73333333333335,3.0,3.0,7465,8155.8441558441555,3,1.0,231.8,1300.0,131.0,123.0,사립,46,10800,7800,0,1.4465829391616374,-0.08470541401273882,0.0,2.0,0.06504065040650407
전남,고흥군,남양면,리:피움미술관,4535,426.1218181818182,1.0,5.0,7465,8155.8441558441555,2,2.172661870503597,835.0,835.0,189.0,189.0,사립,6,3000,2200,0,9.642496597217184,-0.08470541401273882,-0.8,-0.07947019867549661,0.0
전남,순천시,향동,모긴미술관,3011,329.125,1.0,1.0,7465,8155.8441558441555,2,2.0,407.0,407.0,187.0,187.0,사립,91,2558,2640,1,8.148499810102544,-0.08470541401273882,0.0,0.0,0.0
전남,진도군,진도읍,산꽃미술관,3011,329.125,0.0,0.0,3000,3000.0,1,2.0,478.0,478.0,139.4,139.4,사립,319,400,400,0,8.148499810102544,0.0,0.0,-0.5,0.0
전남,고흥군,금산면,섬in섬 연홍미술관,3011,329.125,3.0,3.0,7465,8155.8441558441555,2,2.172661870503597,165.0,165.0,165.0,165.0,사립,56,38000,38000,0,8.148499810102544,-0.08470541401273882,0.0,-0.07947019867549661,0.0
전남,화순군,도곡면,소소미술관,800,800.0,1.0,2.0,7465,8155.8441558441555,2,2.0,1190.0,1190.0,117.0,117.0,사립,93,7150,1100,0,0.0,-0.08470541401273882,-0.5,0.0,0.0
전남,장성군,장성읍,아인미술관,3011,329.125,2.0,2.0,7465,8155.8441558441555,1,1.0,206.0,206.0,206.0,206.0,사립,251,18000,18000,0,8.148499810102544,-0.08470541401273882,0.0,0.0,0.0
전남,영암군,신북면,아천미술관,15000,426.1218181818182,6.0,6.0,7465,8155.8441558441555,2,2.172661870503597,905.0,905.0,812.0,812.0,사립,37,2000,2000,0,34.20120153434571,-0.08470541401273882,0.0,-0.07947019867549661,0.0
전남,목포시,신흥동,아트센터신선미술관,3011,329.125,20.0,8.0,7465,8155.8441558441555,1,2.172661870503597,245.0,245.0,225.0,225.0,사립,775,28000,7800,0,8.148499810102544,-0.08470541401273882,1.5,-0.5397350993377483,0.0
전남,여수시,쌍봉동,여수미술관,3011,329.125,5.0,5.0,7465,8155.8441558441555,1,1.0,382.0,540.0,237.0,137.0,사립,1014,8490,4630,0,8.148499810102544,-0.08470541401273882,0.0,0.0,0.7299270072992701
전남,영암군,삼호읍,이안미술관,4535,426.1218181818182,0.0,1.0,7465,8155.8441558441555,1,1.0,1038.0,1039.0,712.9,713.0,사립,468,5400,1400,0,9.642496597217184,-0.08470541401273882,-1.0,0.0,-0.0001402524544179842
전남,보성군,조성면,우종미술관,220,220.0,3.0,3.0,4000,4000.0,2,2.0,560.0,560.0,359.0,359.0,사립,33,2500,2500,0,0.0,0.0,0.0,0.0,0.0
전남,목포시,원산동,유달미술관,4535,426.1218181818182,0.0,0.0,7465,8155.8441558441555,1,2.172661870503597,793.0,793.0,207.0,207.0,사립,400,4000,4000,0,9.642496597217184,-0.08470541401273882,0.0,-0.5397350993377483,0.0
전남,함평군,해보면,잠월미술관,3011,329.125,4.0,4.0,7465,8155.8441558441555,2,2.172661870503597,232.29,232.29,269.0,269.0,사립,34,2500,2500,0,8.148499810102544,-0.08470541401273882,0.0,-0.07947019867549661,0.0
전남,진도군,군내면,진도솔마루미술관,10000,329.125,3.0,3.0,7465,8155.8441558441555,1,1.0,549.0,549.0,248.0,248.0,사립,31,360,360,0,29.38359285985568,-0.08470541401273882,0.0,0.0,0.0
전남,진도군,진도읍,진도현대미술관,2000,329.125,485.0,485.0,7465,8155.8441558441555,3,3.0,549.0,549.0,549.0,549.0,사립,319,4300,4300,0,5.076718571971136,-0.08470541401273882,0.0,0.0,0.0
전남,화순군,화순읍,태곳미술관,3011,329.125,6.0,6.0,7465,8155.8441558441555,1,1.0,103.0,103.0,85.0,85.0,사립,679,1200,2000,1,8.148499810102544,-0.08470541401273882,0.0,0.0,0.0
전남,강진군,성전면,학명미술관,400,400.0,4.0,4.0,7465,8155.8441558441555,1,1.0,140.0,140.0,280.0,280.0,사립,41,640,500,0,0.0,-0.08470541401273882,0.0,0.0,0.0
전남,해남군,해남읍,행촌미술관,1000,329.125,4.0,1.0,7465,8155.8441558441555,2,1.0,429.0,429.0,100.0,100.0,사립,551,37560,30500,0,2.038359285985568,-0.08470541401273882,3.0,1.0,0.0
전남,고흥군,남양면,회정미술관,3011,329.125,0.0,0.0,7465,8155.8441558441555,2,2.172661870503597,358.38,358.38,213.0,213.0,사립,6,4200,4200,0,8.148499810102544,-0.08470541401273882,0.0,-0.07947019867549661,0.0
경북,경주시,보덕동,경주솔거미술관,231,231.0,9.0,5.0,2750,6738.888888888889,2,2.172661870503597,1556.0,1556.0,660.0,660.0,공립,186,153314,125890,0,0.0,-0.5919208573784006,0.8,-0.07947019867549661,0.0
경북,경주시,황성동,경주예술의전당 알천미술관,177,177.0,1.0,1.0,2750,6738.888888888889,2,2.172661870503597,21232.0,21232.0,2319.71,2319.71,공립,428,56500,43137,0,0.0,-0.5919208573784006,0.0,-0.07947019867549661,0.0
경북,청송군,진보면,군립청송야송미술관,15000,408.73333333333335,1.0,1.0,2750,6738.888888888889,2,2.172661870503597,2604.54,2604.54,1307.24,1307.23,공립,179,22654,16339,0,35.698744087424565,-0.5919208573784006,0.0,-0.07947019867549661,7.64976323982077e-06
경북,김천시,양금동,김천시립미술관,4535,426.1218181818182,1.0,1.0,2750,6738.888888888889,2,2.172661870503597,1031.0,1034.5,277.5,272.16,공립,99,5375,5685,1,9.642496597217184,-0.5919208573784006,0.0,-0.07947019867549661,0.01962081128747786
경북,포항시,환여동,포항시립미술관,8468,343.3636363636364,11.0,18.0,2750,6738.888888888889,2,2.172661870503597,3314.0,5657.0,1143.0,1143.0,공립,169,147170,156808,1,23.66190097961345,-0.5919208573784006,-0.3888888888888889,-0.07947019867549661,0.0
경북,영천시,화산면,시안미술관,650,650.0,12.0,10.0,3000,3000.0,3,4.0,4500.0,4500.0,900.0,900.0,사립,20,11800,12000,1,0.0,0.0,0.2,-0.25,0.0
경북,예천군,지보면,신풍미술관,3000,329.125,13.0,14.0,5000,5000.0,1,3.0,397.0,397.0,218.0,218.0,사립,35,4000,4232,1,8.115077857956704,0.0,-0.07142857142857142,-0.6666666666666666,0.0
경북,청도군,운문면,영담한지미술관,180,329.125,40.0,30.0,3000,2000.0,2,2.172661870503597,300.0,300.0,218.0,128.0,사립,82,9000,10000,1,-0.4530953285225978,0.5,0.3333333333333333,-0.07947019867549661,0.703125
경북,경주시,보덕동,우양미술관,1500,343.3636363636364,2.0,2.0,7465,8155.8441558441555,3,3.0,5836.0,5836.0,2356.0,2356.0,사립,186,72240,75200,1,3.3685464654487682,-0.08470541401273882,0.0,0.0,0.0
경북,울진군,온정면,향암미술관,4535,426.1218181818182,0.0,0.0,2500,3000.0,1,1.0,787.0,787.0,616.0,616.0,사립,27,2700,2500,0,9.642496597217184,-0.16666666666666666,0.0,0.0,0.0
경북,경산시,하양읍,대구가톨릭대학교김종복미술관,413,413.0,2.0,2.0,0,0.0,2,2.0,6678.0,6678.0,1989.0,1989.0,대학,574,3000,3000,0,0.0,0.0,0.0,0.0,0.0
경남,창원시,봉림동,경남도립미술관,15528,343.3636363636364,40.0,40.0,1000,1000.0,2,2.172661870503597,8931.0,8931.0,2641.0,2641.0,공립,350,78686,78686,0,44.22319301032565,0.0,0.0,-0.07947019867549661,0.0
경남,김해시,내외동,김해문화의전당 윤슬미술관,10613,343.3636363636364,5.0,11.0,2750,6738.888888888889,2,2.172661870503597,43342.7,43342.7,1379.0,1379.0,공립,1141,48430,26844,0,29.90892242520519,-0.5919208573784006,-0.5454545454545454,-0.07947019867549661,0.0
경남,진주시,충무공동,진주시립이성자미술관,2588,408.73333333333335,5.0,5.0,2000,2000.0,2,2.172661870503597,1219.0,1110.0,377.0,377.0,공립,476,30108,23570,0,5.331756646550318,0.0,0.0,-0.07947019867549661,0.0
경남,창원시,오동동,창원시립마산문신미술관,2588,408.73333333333335,11.0,11.0,500,500.0,2,2.172661870503597,2027.0,2027.0,2027.0,2027.0,공립,350,21348,20297,0,5.331756646550318,0.0,0.0,-0.07947019867549661,0.0
경남,창원시,대산면,대산미술관,6850,426.1218181818182,4.0,4.0,2000,3000.0,2,2.0,583.0,583.0,436.0,436.0,사립,350,10000,10000,0,15.075215367351205,-0.3333333333333333,0.0,0.0,0.0
경남,사천시,정동면,우주미술관,4535,426.1218181818182,2.0,2.0,7465,8155.8441558441555,1,1.0,599.8,599.8,180.0,180.0,사립,91,6400,6400,0,9.642496597217184,-0.08470541401273882,0.0,0.0,0.0
경남,통영시,봉평동,전혁림미술관,3011,329.125,1.0,1.0,7465,8155.8441558441555,2,2.172661870503597,464.0,464.0,264.0,264.0,사립,224,33166,33166,0,8.148499810102544,-0.08470541401273882,0.0,-0.07947019867549661,0.0
경남,통영시,용남면,통영옻칠미술관,4535,426.1218181818182,4.0,4.0,3000,3000.0,2,2.0,937.0,937.0,303.0,303.0,사립,80,11809,11809,0,9.642496597217184,0.0,0.0,0.0,0.0
제주,서귀포시,천지동,서귀포시기당미술관,2588,408.73333333333335,5.0,4.0,1000,6738.888888888889,2,2.172661870503597,1230.0,1230.0,601.0,601.0,공립,286,17978,15879,0,5.331756646550318,-0.8516075845012366,0.25,-0.07947019867549661,0.0
제주,서귀포시,정방동,소암기념관,2588,150.0,3.0,4.0,2750,6738.888888888889,2,2.172661870503597,1608.0,1608.0,579.0,579.0,공립,285,6885,3812,0,16.253333333333334,-0.5919208573784006,-0.25,-0.07947019867549661,0.0
제주,서귀포시,정방동,이중섭미술관,4535,426.1218181818182,3.0,1.0,1500,1500.0,2,2.172661870503597,589.0,589.0,195.0,314.0,공립,285,128725,137902,1,9.642496597217184,0.0,2.0,-0.07947019867549661,-0.37898089171974525
제주,제주시,연동,제주도립미술관,10000,343.3636363636364,5.0,4.0,2000,2000.0,2,2.172661870503597,7087.0,7087.09,2299.86,1912.0,공립,1534,70729,70250,0,28.123643102991792,0.0,0.25,-0.07947019867549661,0.20285564853556493
제주,서귀포시,대정읍,제주추사관,2588,408.73333333333335,0.0,4.0,2750,6738.888888888889,2,2.172661870503597,1193.9,1194.0,394.24,496.0,공립,621,48395,52911,1,5.331756646550318,-0.5919208573784006,-1.0,-0.07947019867549661,-0.20516129032258063
제주,제주시,한경면,제주현대미술관,1478,898.0,2.0,3.0,2750,6738.888888888889,2,2.172661870503597,2107.0,2403.0,1920.1,1030.0,공립,286,124313,131388,1,0.6458797327394209,-0.5919208573784006,-0.3333333333333333,-0.07947019867549661,0.8641747572815534
제주,서귀포시,성산읍,김영갑갤러리두모악미술관,4535,426.1218181818182,0.0,0.0,5000,4500.0,2,1.0,947.0,947.0,610.0,610.0,사립,649,26947,38721,1,9.642496597217184,0.1111111111111111,0.0,1.0,0.0
제주,제주시,조천읍,돌하르방미술관,130,83.0,14.0,0.0,7000,7000.0,1,1.0,1593.0400000000002,2401.473571428571,8264.0,8264.0,사립,722,20367,42572,1,0.5662650602409639,0.0,0.0,0.0,0.0
제주,서귀포시,예래동,박물관은 살아있다,10613,150.0,0.0,0.0,14000,14000.0,1,2.172661870503597,4608.0,4608.0,2020.0,2667.0,사립,171,216023,207593,0,69.75333333333333,0.0,0.0,-0.5397350993377483,-0.2425946756655418
제주,제주시,삼도2동,아라리오뮤지엄 탑동시네마,50,50.0,0.0,0.0,15000,15000.0,2,2.0,5715.0,5715.0,4798.0,4798.0,사립,293,26744,31940,1,0.0,0.0,0.0,0.0,0.0
제주,서귀포시,동홍동,왈종미술관,1320,426.1218181818182,0.0,0.0,10000,5000.0,1,2.0,999.0,999.0,335.0,335.0,사립,342,12828,23475,1,2.097705735022422,1.0,0.0,-0.5,0.0
제주,서귀포시,성산읍,유민미술관,2588,343.3636363636364,0.0,0.0,12000,12000.0,3,1.0,1386.0,2821.0,1184.0,1184.0,사립,649,39390,36000,0,6.537198835054276,0.0,0.0,2.0,0.0
제주,제주시,노형동,제주옹기숨미술관,100,100.0,8.0,8.0,7465,8155.8441558441555,2,3.0,376.0,37600.0,189.0,18900.0,사립,1129,13000,12000,0,0.0,-0.08470541401273882,0.0,-0.3333333333333333,-0.99
제주,서귀포시,안덕면,포도뮤지엄,1338,343.3636363636364,3.0,3.0,7465,8155.8441558441555,1,1.0,2658.05,2658.05,1309.463,1309.463,사립,503,76356,66506,0,2.8967434471803015,-0.08470541401273882,0.0,0.0,0.0
제주,서귀포시,표선면,포토갤러리자연사랑미술관,10000,426.1218181818182,3.0,16.0,3000,3000.0,1,1.0,1087.0,1087.0,829.0,829.0,사립,457,5000,2500,0,22.467467689563804,0.0,-0.8125,0.0,0.0
제주,제주시,한림읍,유동룡미술관,100,23.34,5.0,43.0,30000,32000.0,2,2.0,674.4,674.49,357.4,169.1,사립,839,29000,5000,0,3.284490145672665,-0.0625,-0.8837209302325582,0.0,1.1135422826729746
